{"cameraMode":{"drawMode":0,"name":"Shaded","section":"Shading Mode"},"sceneLighting":false,"audioPlay":false,"sceneViewState":{"m_AlwaysRefresh":false,"showFog":true,"showSkybox":false,"showFlares":true,"showImageEffects":true,"showParticleSystems":true,"showVisualEffectGraphs":true,"m_FxEnabled":true},"in2DMode":false,"pivot":{"x":-0.17603300511837007,"y":1.2636821269989014,"z":1.2763124704360963},"rotation":{"x":0.004678502678871155,"y":0.9952970147132874,"z":-0.07209533452987671,"w":0.06458577513694763},"size":0.20139771699905396,"orthographic":false}