{"cameraMode":{"drawMode":0,"name":"Shaded","section":"Shading Mode"},"sceneLighting":true,"audioPlay":false,"sceneViewState":{"m_AlwaysRefresh":false,"showFog":true,"showSkybox":false,"showFlares":true,"showImageEffects":true,"showParticleSystems":true,"showVisualEffectGraphs":true,"m_FxEnabled":true},"in2DMode":false,"pivot":{"x":3.1176605224609377,"y":6.350110054016113,"z":200.10227966308595},"rotation":{"x":0.035495463758707049,"y":-0.5852072834968567,"z":0.025654546916484834,"w":0.8097172379493713},"size":6.0084123611450199,"orthographic":false}