{"cameraMode":{"drawMode":0,"name":"Shaded","section":"Shading Mode"},"sceneLighting":false,"audioPlay":false,"sceneViewState":{"m_AlwaysRefresh":false,"showFog":true,"showSkybox":false,"showFlares":true,"showImageEffects":true,"showParticleSystems":true,"showVisualEffectGraphs":true,"m_FxEnabled":true},"in2DMode":false,"pivot":{"x":612.6148071289063,"y":171.2466278076172,"z":-14.896726608276368},"rotation":{"x":0.00269016670063138,"y":-0.011402730830013752,"z":-0.00003069502781727351,"w":-0.9999302625656128},"size":198.8218231201172,"orthographic":false}